Auto-update on Sun May 25 04:18:03 UTC 2025
Auto-update on Mon May 26 03:34:30 UTC 2025
Auto-update on Tue May 27 03:30:21 UTC 2025
Auto-update on Wed May 28 03:31:58 UTC 2025
Auto-update on Thu May 29 03:32:53 UTC 2025
Auto-update on Fri May 30 03:31:25 UTC 2025
Auto-update on Sat May 31 03:29:04 UTC 2025
Auto-update on Sun Jun  1 03:51:38 UTC 2025
Auto-update on Mon Jun  2 03:40:55 UTC 2025
Auto-update on Tue Jun  3 03:34:51 UTC 2025
Auto-update on Wed Jun  4 03:35:37 UTC 2025
Auto-update on Thu Jun  5 03:36:21 UTC 2025
Auto-update on Fri Jun  6 03:35:26 UTC 2025
Auto-update on Sat Jun  7 03:32:34 UTC 2025
Auto-update on Sun Jun  8 03:41:11 UTC 2025
Auto-update on Mon Jun  9 03:41:21 UTC 2025
Auto-update on Tue Jun 10 03:37:30 UTC 2025
Auto-update on Wed Jun 11 03:37:15 UTC 2025
Auto-update on Thu Jun 12 03:35:36 UTC 2025
Auto-update on Fri Jun 13 03:37:06 UTC 2025
Auto-update on Sat Jun 14 03:31:25 UTC 2025
Auto-update on Sun Jun 15 03:41:17 UTC 2025
Auto-update on Mon Jun 16 03:41:43 UTC 2025
Auto-update on Tue Jun 17 03:36:55 UTC 2025
Auto-update on Wed Jun 18 03:36:15 UTC 2025
Auto-update on Thu Jun 19 03:36:50 UTC 2025
Auto-update on Fri Jun 20 03:35:42 UTC 2025
Auto-update on Sat Jun 21 03:32:30 UTC 2025
Auto-update on Sun Jun 22 03:42:52 UTC 2025
Auto-update on Mon Jun 23 03:45:19 UTC 2025
Auto-update on Tue Jun 24 03:38:07 UTC 2025
Auto-update on Wed Jun 25 03:39:31 UTC 2025
Auto-update on Thu Jun 26 00:40:59 UTC 2025
Auto-update on Fri Jun 27 00:41:43 UTC 2025
Auto-update on Sat Jun 28 00:39:26 UTC 2025
Auto-update on Sun Jun 29 00:46:34 UTC 2025
Auto-update on Mon Jun 30 00:44:23 UTC 2025
Auto-update on Tue Jul  1 00:47:25 UTC 2025
Auto-update on Wed Jul  2 00:41:03 UTC 2025
Auto-update on Thu Jul  3 00:41:14 UTC 2025
Auto-update on Fri Jul  4 00:40:37 UTC 2025
Auto-update on Sat Jul  5 00:38:57 UTC 2025
Auto-update on Sun Jul  6 00:45:44 UTC 2025
Auto-update on Mon Jul  7 00:44:35 UTC 2025
Auto-update on Tue Jul  8 00:41:08 UTC 2025
Auto-update on Wed Jul  9 00:42:13 UTC 2025
Auto-update on Thu Jul 10 00:41:40 UTC 2025
Auto-update on Fri Jul 11 00:42:20 UTC 2025
Auto-update on Sat Jul 12 00:42:45 UTC 2025
Auto-update on Sun Jul 13 00:47:39 UTC 2025
Auto-update on Mon Jul 14 00:45:21 UTC 2025
Auto-update on Tue Jul 15 00:43:39 UTC 2025
Auto-update on Wed Jul 16 00:42:36 UTC 2025
Auto-update on Thu Jul 17 00:43:16 UTC 2025
Auto-update on Fri Jul 18 00:42:34 UTC 2025
Auto-update on Sat Jul 19 00:42:01 UTC 2025
Auto-update on Sun Jul 20 00:49:01 UTC 2025
Auto-update on Mon Jul 21 00:46:41 UTC 2025
Auto-update on Tue Jul 22 00:43:13 UTC 2025
Auto-update on Wed Jul 23 00:43:29 UTC 2025
Auto-update on Thu Jul 24 00:43:25 UTC 2025
Auto-update on Fri Jul 25 00:43:23 UTC 2025
Auto-update on Sat Jul 26 00:41:45 UTC 2025
Auto-update on Sun Jul 27 00:49:32 UTC 2025
Auto-update on Mon Jul 28 00:47:34 UTC 2025
Auto-update on Tue Jul 29 00:49:29 UTC 2025
Auto-update on Wed Jul 30 00:43:58 UTC 2025
Auto-update on Thu Jul 31 00:43:54 UTC 2025
Auto-update on Fri Aug  1 00:51:26 UTC 2025
Auto-update on Sat Aug  2 00:41:48 UTC 2025
Auto-update on Sun Aug  3 00:50:25 UTC 2025
Auto-update on Mon Aug  4 00:49:52 UTC 2025
Auto-update on Tue Aug  5 00:45:01 UTC 2025
Auto-update on Wed Aug  6 00:44:23 UTC 2025
Auto-update on Thu Aug  7 00:44:44 UTC 2025
Auto-update on Fri Aug  8 00:44:09 UTC 2025
Auto-update on Sat Aug  9 00:40:30 UTC 2025
Auto-update on Sun Aug 10 00:48:16 UTC 2025
Auto-update on Mon Aug 11 00:45:50 UTC 2025
Auto-update on Tue Aug 12 00:41:01 UTC 2025
Auto-update on Wed Aug 13 00:41:40 UTC 2025
Auto-update on Thu Aug 14 00:41:16 UTC 2025
Auto-update on Fri Aug 15 00:42:02 UTC 2025
Auto-update on Sat Aug 16 00:38:58 UTC 2025
Auto-update on Sun Aug 17 00:44:55 UTC 2025
Auto-update on Mon Aug 18 00:44:54 UTC 2025
Auto-update on Tue Aug 19 00:40:08 UTC 2025
Auto-update on Wed Aug 20 00:38:10 UTC 2025
Auto-update on Thu Aug 21 00:37:38 UTC 2025
Auto-update on Fri Aug 22 00:38:36 UTC 2025
Auto-update on Sat Aug 23 00:37:08 UTC 2025
Auto-update on Sun Aug 24 00:43:38 UTC 2025
Auto-update on Mon Aug 25 00:41:00 UTC 2025
Auto-update on Tue Aug 26 00:38:54 UTC 2025
Auto-update on Wed Aug 27 00:38:19 UTC 2025
Auto-update on Thu Aug 28 00:37:51 UTC 2025
Auto-update on Fri Aug 29 00:37:58 UTC 2025
Auto-update on Sat Aug 30 00:35:47 UTC 2025
Auto-update on Sun Aug 31 00:41:21 UTC 2025
Auto-update on Mon Sep  1 00:47:22 UTC 2025
Auto-update on Tue Sep  2 00:38:03 UTC 2025
Auto-update on Wed Sep  3 00:35:48 UTC 2025
Auto-update on Thu Sep  4 00:36:22 UTC 2025
Auto-update on Fri Sep  5 00:37:06 UTC 2025
Auto-update on Sat Sep  6 00:35:24 UTC 2025
Auto-update on Sun Sep  7 00:40:57 UTC 2025
Auto-update on Mon Sep  8 00:39:53 UTC 2025
Auto-update on Tue Sep  9 00:37:35 UTC 2025
Auto-update on Wed Sep 10 00:36:40 UTC 2025
Auto-update on Thu Sep 11 00:37:27 UTC 2025
Auto-update on Fri Sep 12 00:36:25 UTC 2025
Auto-update on Sat Sep 13 00:34:05 UTC 2025
Auto-update on Sun Sep 14 00:39:52 UTC 2025
Auto-update on Mon Sep 15 00:40:28 UTC 2025
Auto-update on Tue Sep 16 00:36:14 UTC 2025
Auto-update on Wed Sep 17 00:36:44 UTC 2025
Auto-update on Thu Sep 18 00:35:50 UTC 2025
Auto-update on Fri Sep 19 00:37:29 UTC 2025
Auto-update on Sat Sep 20 00:35:20 UTC 2025
Auto-update on Sun Sep 21 00:41:12 UTC 2025
Auto-update on Mon Sep 22 00:41:01 UTC 2025
Auto-update on Tue Sep 23 00:36:52 UTC 2025
Auto-update on Wed Sep 24 00:37:39 UTC 2025
Auto-update on Thu Sep 25 00:37:22 UTC 2025
Auto-update on Fri Sep 26 00:36:53 UTC 2025
Auto-update on Sat Sep 27 00:35:47 UTC 2025
Auto-update on Sun Sep 28 00:41:45 UTC 2025
Auto-update on Mon Sep 29 00:38:53 UTC 2025
Auto-update on Tue Sep 30 00:37:37 UTC 2025
Auto-update on Wed Oct  1 00:42:58 UTC 2025
Auto-update on Thu Oct  2 00:36:15 UTC 2025
Auto-update on Fri Oct  3 00:36:09 UTC 2025
Auto-update on Sat Oct  4 00:34:14 UTC 2025
Auto-update on Sun Oct  5 00:41:04 UTC 2025
Auto-update on Mon Oct  6 00:38:05 UTC 2025
Auto-update on Tue Oct  7 00:37:05 UTC 2025
Auto-update on Wed Oct  8 00:36:46 UTC 2025
Auto-update on Thu Oct  9 00:37:17 UTC 2025
Auto-update on Fri Oct 10 00:37:31 UTC 2025
Auto-update on Sat Oct 11 00:35:22 UTC 2025
Auto-update on Sun Oct 12 00:39:13 UTC 2025
Auto-update on Mon Oct 13 00:40:52 UTC 2025
Auto-update on Tue Oct 14 00:37:20 UTC 2025
Auto-update on Wed Oct 15 00:38:34 UTC 2025
Auto-update on Thu Oct 16 00:38:39 UTC 2025
Auto-update on Fri Oct 17 00:38:00 UTC 2025
Auto-update on Sat Oct 18 00:35:35 UTC 2025
Auto-update on Sun Oct 19 00:42:39 UTC 2025
Auto-update on Mon Oct 20 00:41:35 UTC 2025
Auto-update on Tue Oct 21 00:38:53 UTC 2025
Auto-update on Wed Oct 22 00:40:00 UTC 2025
Auto-update on Thu Oct 23 00:38:31 UTC 2025
Auto-update on Fri Oct 24 00:35:50 UTC 2025
Auto-update on Sat Oct 25 00:37:21 UTC 2025
Auto-update on Sun Oct 26 00:41:31 UTC 2025
Auto-update on Mon Oct 27 00:42:55 UTC 2025
Auto-update on Tue Oct 28 00:37:43 UTC 2025
Auto-update on Wed Oct 29 00:41:04 UTC 2025
Auto-update on Thu Oct 30 00:40:26 UTC 2025
Auto-update on Fri Oct 31 00:38:43 UTC 2025
Auto-update on Sat Nov  1 00:42:31 UTC 2025
Auto-update on Sun Nov  2 00:42:32 UTC 2025
Auto-update on Mon Nov  3 00:41:57 UTC 2025
Auto-update on Tue Nov  4 00:39:25 UTC 2025
Auto-update on Wed Nov  5 00:41:07 UTC 2025
Auto-update on Thu Nov  6 00:39:42 UTC 2025
Auto-update on Fri Nov  7 00:40:14 UTC 2025
Auto-update on Sat Nov  8 00:37:25 UTC 2025
Auto-update on Sun Nov  9 00:42:41 UTC 2025
Auto-update on Mon Nov 10 00:42:40 UTC 2025
Auto-update on Tue Nov 11 00:40:59 UTC 2025
Auto-update on Wed Nov 12 00:40:58 UTC 2025
Auto-update on Thu Nov 13 00:40:25 UTC 2025
Auto-update on Fri Nov 14 00:40:48 UTC 2025
Auto-update on Sat Nov 15 00:38:56 UTC 2025
Auto-update on Sun Nov 16 00:43:35 UTC 2025
Auto-update on Mon Nov 17 00:41:55 UTC 2025
Auto-update on Tue Nov 18 00:40:10 UTC 2025
Auto-update on Wed Nov 19 00:40:39 UTC 2025
Auto-update on Thu Nov 20 00:39:19 UTC 2025
Auto-update on Fri Nov 21 00:40:14 UTC 2025
Auto-update on Sat Nov 22 00:38:22 UTC 2025
Auto-update on Sun Nov 23 00:46:27 UTC 2025
Auto-update on Mon Nov 24 00:43:24 UTC 2025
Auto-update on Tue Nov 25 00:39:29 UTC 2025
Auto-update on Wed Nov 26 00:40:44 UTC 2025
Auto-update on Thu Nov 27 00:39:57 UTC 2025
Auto-update on Fri Nov 28 00:39:04 UTC 2025
Auto-update on Sat Nov 29 00:39:06 UTC 2025
Auto-update on Sun Nov 30 00:46:04 UTC 2025
Auto-update on Mon Dec  1 00:51:29 UTC 2025
Auto-update on Tue Dec  2 00:41:37 UTC 2025
Auto-update on Wed Dec  3 00:40:52 UTC 2025
Auto-update on Thu Dec  4 00:41:18 UTC 2025
Auto-update on Fri Dec  5 00:41:53 UTC 2025
Auto-update on Sat Dec  6 00:39:39 UTC 2025
Auto-update on Sun Dec  7 00:46:05 UTC 2025
Auto-update on Mon Dec  8 00:42:17 UTC 2025
Auto-update on Tue Dec  9 00:41:59 UTC 2025
Auto-update on Wed Dec 10 00:43:02 UTC 2025
Auto-update on Thu Dec 11 00:43:37 UTC 2025
Auto-update on Fri Dec 12 00:42:31 UTC 2025
Auto-update on Sat Dec 13 00:40:12 UTC 2025
Auto-update on Sun Dec 14 00:46:30 UTC 2025
Auto-update on Mon Dec 15 00:45:01 UTC 2025
Auto-update on Tue Dec 16 00:43:11 UTC 2025
Auto-update on Wed Dec 17 00:40:06 UTC 2025
Auto-update on Thu Dec 18 00:39:27 UTC 2025
Auto-update on Fri Dec 19 00:42:52 UTC 2025
Auto-update on Sat Dec 20 00:40:16 UTC 2025
Auto-update on Sun Dec 21 00:46:15 UTC 2025
Auto-update on Mon Dec 22 00:45:23 UTC 2025
Auto-update on Tue Dec 23 00:42:45 UTC 2025
Auto-update on Wed Dec 24 00:42:35 UTC 2025
Auto-update on Thu Dec 25 00:42:38 UTC 2025
Auto-update on Fri Dec 26 00:42:51 UTC 2025
Auto-update on Sat Dec 27 00:41:41 UTC 2025
Auto-update on Sun Dec 28 00:49:37 UTC 2025
